{
    "green": [
        -0.00769373566661931,
        -0.00687794155446266,
        -0.006062147442306,
        -0.00524635333014935,
        -0.00463215298336626,
        -0.00397613391260497,
        -0.0030679076615831,
        -0.00153239251375544,
        0.000542242116147399,
        0.00287520424280402,
        0.00492707799012852,
        0.00642870700237215,
        0.00722812764589711,
        0.00767541447743995,
        0.00815334900075576,
        0.0091397731162178,
        0.0107241847892455,
        0.0128329330385502,
        0.0151530234138094,
        0.0174071285464983,
        0.0193125850424531,
        0.0207993454731779,
        0.0219585860992144,
        0.0229756287162811,
        0.023939079876524,
        0.0249479844935027,
        0.0260287882618872,
        0.0271979485329428,
        0.0284129073117976,
        0.0296890555230419,
        0.0310479406991058,
        0.0325206353689247,
        0.0341318680960281,
        0.0358365701679174,
        0.0375808460774254,
        0.0392996457729027,
        0.0409746197822791,
        0.0425512158156093,
        0.0441278118489396,
        0.0457044078822698
    ],
    "yellow": [
        -0.0223203981638083,
        -0.0200186150792249,
        -0.0177168319946415,
        -0.015415048910058,
        -0.0125839278145511,
        -0.0093479332866538,
        -0.0060648577644504,
        -0.00336820528478615,
        -0.00174030415087236,
        -0.00141591067454813,
        -0.00234130125151681,
        -0.00384196114657432,
        -0.00524889671680427,
        -0.00577058673545985,
        -0.00513968636439566,
        -0.00309890229710025,
        -7.33516932903355e-05,
        0.00358487449841692,
        0.00716570566795623,
        0.0103301955607276,
        0.0126762248900679,
        0.0145177342412923,
        0.0163689473332752,
        0.0192860649804731,
        0.0243120132533797,
        0.0331259519389081,
        0.0476892676842327,
        0.0705271840315731,
        0.103924003356054,
        0.149394520742187,
        0.206473989843023,
        0.272471095051019,
        0.342733650544231,
        0.411916893673541,
        0.475376222795307,
        0.530087543528873,
        0.576092318548004,
        0.61465933894916,
        0.653226359350316,
        0.691793379751472
    ],
    "orange": [
        -0.0113968118010776,
        -0.0102653039113605,
        -0.00913379602164336,
        -0.00800228813192623,
        -0.0069143233702743,
        -0.00584952115757333,
        -0.00465398799476502,
        -0.00318260523984768,
        -0.00115016732747888,
        0.00138459834286422,
        0.00416135819525757,
        0.00666484703813922,
        0.00844447809052231,
        0.00917781782014559,
        0.00910477612109026,
        0.0086727460650146,
        0.00846809948959843,
        0.00886804272714223,
        0.010104490658821,
        0.0119650949575065,
        0.0141088301797568,
        0.0161748496235925,
        0.0180503322573049,
        0.019572327314497,
        0.0208513777106945,
        0.0220450563484703,
        0.0234258477925919,
        0.0249279487806963,
        0.0265622450810852,
        0.0281376273079692,
        0.0297184829322283,
        0.0312254567748416,
        0.0329505795798592,
        0.0349362735938119,
        0.0373117916763819,
        0.0396825063038733,
        0.0419908093698491,
        0.0439811342899137,
        0.0459714592099783,
        0.0479617841300429
    ]
}