{
  "green": [
    -0.0145429297318942,
    -0.0132252961331351,
    -0.011907662534376,
    -0.010590028935617,
    -0.00923969572105689,
    -0.00784643028805905,
    -0.00646636757864755,
    -0.00512462599521461,
    -0.00386504198208513,
    -0.00271232860232524,
    -0.00172172377388417,
    -0.000868350170641763,
    -0.000101829824621373,
    0.000618959670221801,
    0.001431677714392,
    0.00242839782467273,
    0.00370409990325382,
    0.00515393543896815,
    0.00667955191194185,
    0.00804788305338134,
    0.00908810225795641,
    0.00956727163093094,
    0.00944004079436778,
    0.0087911047926037,
    0.00790051142390246,
    0.00708741913545332,
    0.00671707326840082,
    0.00705477642657586,
    0.00815505373691091,
    0.00986023759742058,
    0.0118841189676053,
    0.0140218997218914,
    0.0161081603591415,
    0.0181117987215464,
    0.0200246979601669,
    0.0219231458571215,
    0.0238150772667657,
    0.0256976143027033,
    0.027580151338641,
    0.0294626883745786
  ],
  "yellow": [
    -0.0307022044209794,
    -0.0280913091964497,
    -0.0254804139719199,
    -0.0228695187473902,
    -0.0204225687144872,
    -0.0180861506800482,
    -0.0157451881149236,
    -0.0132951264573411,
    -0.010757233874206,
    -0.00831366353130584,
    -0.00600839059388634,
    -0.00393327891278045,
    -0.00194970935807219,
    0.000107940355260816,
    0.00241048122940581,
    0.00488721428384435,
    0.00740852208138584,
    0.00981269750245809,
    0.0119529693744361,
    0.0138114563660028,
    0.0155742208295958,
    0.0177146635781359,
    0.0208902330238241,
    0.0262995110617809,
    0.0359125335872005,
    0.0530687239571791,
    0.0822455264825406,
    0.128130786654408,
    0.193579836149974,
    0.278116153074254,
    0.376969566008115,
    0.481960430558091,
    0.583440025861203,
    0.673036977339407,
    0.745318703643666,
    0.798278306493034,
    0.835157142336628,
    0.860241914617969,
    0.885326686899309,
    0.910411459180649
  ]
}
