{
  "green": [
    -0.0145429297318942,
    -0.0132252961331351,
    -0.011907662534376,
    -0.010590028935617,
    -0.00923969572105689,
    -0.00784643028805905,
    -0.00646636757864755,
    -0.00512462599521461,
    -0.00386504198208513,
    -0.00271232860232524,
    -0.00172172377388417,
    -0.000868350170641763,
    -0.000101829824621373,
    0.000618959670221801,
    0.001431677714392,
    0.00242839782467273,
    0.00370409990325382,
    0.00515393543896815,
    0.00667955191194185,
    0.00804788305338134,
    0.00908810225795641,
    0.00956727163093094,
    0.00944004079436778,
    0.0087911047926037,
    0.00790051142390246,
    0.00708741913545332,
    0.00671707326840082,
    0.00705477642657586,
    0.00815505373691091,
    0.00986023759742058,
    0.0118841189676053,
    0.0140218997218914,
    0.0161081603591415,
    0.0181117987215464,
    0.0200246979601669,
    0.0219231458571215,
    0.0238150772667657,
    0.0256976143027033,
    0.027580151338641,
    0.0294626883745786
  ],
  "yellow": [
    -0.0152391363679301,
    -0.0134916727821799,
    -0.0117442091964297,
    -0.00999674561067944,
    -0.00817920953097023,
    -0.00636639219949197,
    -0.00455658505772014,
    -0.00284690037000969,
    -0.00117994127754943,
    0.000454639486809567,
    0.00214024146208218,
    0.00378675078523792,
    0.00536432550890381,
    0.00673811182522803,
    0.0079509236641105,
    0.00900649339737423,
    0.0100703550996845,
    0.0111971585416527,
    0.0125213136800374,
    0.0140260621885666,
    0.0157513410746076,
    0.0176484169464527,
    0.0197231014674134,
    0.0219382081879608,
    0.0242926584865841,
    0.0267868621964182,
    0.0294770282937767,
    0.0324671249495199,
    0.0359228412867057,
    0.0399593736887247,
    0.0446179707997493,
    0.0497706734922082,
    0.0552106631144783,
    0.0605823802751479,
    0.065588992878296,
    0.0700088695423124,
    0.0738823799131223,
    0.0772912103794228,
    0.0807000408457234,
    0.084108871312024
  ],
  "orange": [
    -0.0442429341110152,
    -0.0399638656897192,
    -0.0356847972684233,
    -0.0314057288471273,
    -0.0269746578552192,
    -0.0225389427081541,
    -0.018235036476396,
    -0.0143411503049327,
    -0.0109323887359541,
    -0.0079312363216824,
    -0.00510091460448672,
    -0.00226897065948178,
    0.000641042116255699,
    0.0035437447625999,
    0.00629693888837047,
    0.00870138597988809,
    0.010653875191752,
    0.0121675918267711,
    0.0134098760268917,
    0.0145499447278177,
    0.0157527037527817,
    0.0170977382173921,
    0.0185521480635688,
    0.0199662087041968,
    0.021169068698147,
    0.0220767528833251,
    0.0227052277681231,
    0.0232956902162426,
    0.0242107622479528,
    0.0258826238355933,
    0.0285340086979073,
    0.0322016519237016,
    0.0365694145486636,
    0.0411305606595635,
    0.0452824826519972,
    0.0486044192618837,
    0.0510378907542682,
    0.0527130920699472,
    0.0543882933856262,
    0.0560634947013052
  ],
  "red": [
    -0.0307022044209794,
    -0.0280913091964497,
    -0.0254804139719199,
    -0.0228695187473902,
    -0.0204225687144872,
    -0.0180861506800482,
    -0.0157451881149236,
    -0.0132951264573411,
    -0.010757233874206,
    -0.00831366353130584,
    -0.00600839059388634,
    -0.00393327891278045,
    -0.00194970935807219,
    0.000107940355260816,
    0.00241048122940581,
    0.00488721428384435,
    0.00740852208138584,
    0.00981269750245809,
    0.0119529693744361,
    0.0138114563660028,
    0.0155742208295958,
    0.0177146635781359,
    0.0208902330238241,
    0.0262995110617809,
    0.0359125335872005,
    0.0530687239571791,
    0.0822455264825406,
    0.128130786654408,
    0.193579836149974,
    0.278116153074254,
    0.376969566008115,
    0.481960430558091,
    0.583440025861203,
    0.673036977339407,
    0.745318703643666,
    0.798278306493034,
    0.835157142336628,
    0.860241914617969,
    0.885326686899309,
    0.910411459180649
  ],
  "green_2": [
    -0.0104245166039996,
    -0.0103828594047118,
    -0.010341202205424,
    -0.0102995450061363,
    -0.0101444924223239,
    -0.00973114104116837,
    -0.00898595129064971,
    -0.00785321247794356,
    -0.00643612562169075,
    -0.00482228324216212,
    -0.00320800276412001,
    -0.00168102540592883,
    -0.00034478531111187,
    0.000796863197213333,
    0.00166656179680824,
    0.00222560578304357,
    0.00252337730255874,
    0.00274116571031521,
    0.00315826842819361,
    0.00398840035133477,
    0.00538024864393673,
    0.00718797260415548,
    0.00920453992815361,
    0.0110341167098157,
    0.0125196926177121,
    0.0134905401744774,
    0.0141358009197117,
    0.0145135628526941,
    0.0148546321372899,
    0.0151404417041879,
    0.0155329603071019,
    0.0159927243650344,
    0.0166235299476833,
    0.0174491379095451,
    0.0185947015156911,
    0.0199984510501767,
    0.0216198831234416,
    0.0233715987386439,
    0.0251233143538461,
    0.0268750299690484
  ],
  "yellow_2": [
    0.00154115455322818,
    0.00150597532735117,
    0.00147079610147416,
    0.00143561687559716,
    0.00145827977612321,
    0.00157805733674511,
    0.00182671563588505,
    0.00220543679287782,
    0.00255528626976047,
    0.00258225461582079,
    0.00221057764166246,
    0.00147548737281812,
    0.000592725887234179,
    -0.00023369661513466,
    -0.000795912176527909,
    -0.00104605073041283,
    -0.00114138595910984,
    -0.00130145824006841,
    -0.00171476441612369,
    -0.00235992768305091,
    -0.00316053138018528,
    -0.00393635324045059,
    -0.00459433229656637,
    -0.00508764934084535,
    -0.00552885808113627,
    -0.00608772514552263,
    -0.00688644808297006,
    -0.00787448268190011,
    -0.00890507946898753,
    -0.00984110546038,
    -0.0106267048102075,
    -0.0112323543738899,
    -0.0117508037670178,
    -0.0122695970691985,
    -0.0129032686152088,
    -0.0136465989495641,
    -0.0144956770643512,
    -0.0154076040938937,
    -0.0163195311234363,
    -0.0172314581529789
  ]
}
